x,rssi,snr
0.5,-34.16666667,53.33333333
1,-33,52.5
1.5,-37.07692308,49.84615385
2,-36.28571429,51.57142857
2.5,-38.66666667,48.83333333
3,-38.83333333,48
3.5,-41.42857143,46.71428571
4,-48.16666667,39.66666667
4.5,-53,34
6,-44,43.83333333
7.5,-50.16666667,39.16666667
9,-47.16666667,39.66666667
10.5,-51,35.66666667
12,-56.33333333,30.5
